Dataset,Model,Accuracy,Precision,Recall,F1 Score,AUC-ROC
Train,Optimized Decision Tree,0.7595513494567122,0.7667386609071274,0.7463209530483532,0.7563920454545455,0.8338718523054182
Test,Optimized Decision Tree,0.7514309076042518,0.7520525451559934,0.7495908346972177,0.7508196721311474,0.8170603211279056
Train,Optimized Random Forest,0.8724150017525412,0.8603389830508474,0.8892782060266293,0.8745692625775326,0.9437260369295426
Test,Optimized Random Forest,0.7432542927228127,0.7406807131280388,0.7479541734860884,0.744299674267101,0.8204379405881284
Train,Optimized XGBoost,0.7802313354363828,0.7442002442002442,0.854239663629993,0.7954323001631323,0.8709687247837979
Test,Optimized XGBoost,0.7309893704006541,0.6920980926430518,0.8314238952536824,0.7553903345724906,0.8308088101579967
