Dataset,Model,Accuracy,Precision,Recall,F1 Score,F2 Score
Train,Logistic Regression,0.7175893482831114,0.720682302771855,0.7105816398037842,0.7155963302752293,0.7125790583274771
Test,Logistic Regression,0.75,0.4264550264550265,0.6595744680851063,0.5179948586118253,0.5945706698141044
Train,SVM,0.8016818500350386,0.8112798264642083,0.7862648913805186,0.798576512455516,0.7911437032858553
Test,SVM,0.7926666666666666,0.4942408376963351,0.7725040916530278,0.602809706257982,0.6943218593704029
Train,Neural Network,0.8241065171688857,0.8378378378378378,0.8037841625788367,0.8204577968526466,0.8103716263953653
Test,Neural Network,0.788,0.48668796592119273,0.7479541734860884,0.5896774193548387,0.6754360035471475
Train,KNN,0.810791871058164,0.8188353702372394,0.798177995795375,0.808374733853797,0.8022256655867025
Test,KNN,0.7443333333333333,0.42844036697247706,0.7643207855973814,0.5490887713109935,0.6607243916242219
